{
  "$ref": "#/definitions/manual",
  "definitions": {
    "manual": {
      "type": "object",
      "properties": {
        "section": {
          "type": "string",
          "enum": [
            "Style",
            "Values",
            "Weaknesses",
            "风格",
            "价值观",
            "弱点"
          ]
        },
        "title": {
          "type": "string"
        },
        "content": {
          "type": "string"
        },
        "order": {
          "type": "number"
        },
        "$schema": {
          "type": "string"
        }
      },
      "required": [
        "section",
        "title",
        "content",
        "order"
      ],
      "additionalProperties": false
    }
  },
  "$schema": "http://json-schema.org/draft-07/schema#"
}