{
  "$ref": "#/definitions/now",
  "definitions": {
    "now": {
      "type": "object",
      "properties": {
        "updatedDate": {
          "anyOf": [
            {
              "type": "string",
              "format": "date-time"
            },
            {
              "type": "string",
              "format": "date"
            },
            {
              "type": "integer",
              "format": "unix-time"
            }
          ]
        },
        "location": {
          "type": "string",
          "default": "Digital Wilderness"
        },
        "status": {
          "type": "string",
          "default": "Online"
        },
        "reading": {
          "type": "string"
        },
        "readingProgress": {
          "type": "number",
          "minimum": 0,
          "maximum": 100,
          "default": 0
        },
        "building": {
          "type": "string"
        },
        "learning": {
          "type": "string"
        },
        "$schema": {
          "type": "string"
        }
      },
      "required": [
        "updatedDate"
      ],
      "additionalProperties": false
    }
  },
  "$schema": "http://json-schema.org/draft-07/schema#"
}