{
  "$ref": "#/definitions/signals",
  "definitions": {
    "signals": {
      "type": "object",
      "properties": {
        "pubDate": {
          "anyOf": [
            {
              "type": "string",
              "format": "date-time"
            },
            {
              "type": "string",
              "format": "date"
            },
            {
              "type": "integer",
              "format": "unix-time"
            }
          ]
        },
        "tags": {
          "type": "array",
          "items": {
            "type": "string"
          },
          "default": []
        },
        "$schema": {
          "type": "string"
        }
      },
      "required": [
        "pubDate"
      ],
      "additionalProperties": false
    }
  },
  "$schema": "http://json-schema.org/draft-07/schema#"
}