{
  "$ref": "#/definitions/stack",
  "definitions": {
    "stack": {
      "type": "object",
      "properties": {
        "name": {
          "type": "string"
        },
        "type": {
          "type": "string",
          "enum": [
            "Software",
            "Hardware",
            "Book"
          ]
        },
        "link": {
          "type": "string",
          "format": "uri"
        },
        "comment": {
          "type": "string"
        },
        "icon": {
          "type": "string"
        },
        "spineColor": {
          "type": "string"
        },
        "rating": {
          "type": "string",
          "enum": [
            "Must Read",
            "Thought Provoking",
            "Reference"
          ]
        },
        "takeaway": {
          "type": "string"
        },
        "progress": {
          "type": "number",
          "minimum": 0,
          "maximum": 100,
          "default": 0
        },
        "cover": {
          "type": "string"
        },
        "$schema": {
          "type": "string"
        }
      },
      "required": [
        "name",
        "type",
        "comment"
      ],
      "additionalProperties": false
    }
  },
  "$schema": "http://json-schema.org/draft-07/schema#"
}